id,auth_token_hash,prev_auth_token_hash,auth_token_seen,client_ip,user_agent,seen_at,rotated_at,created_at,updated_at
601941,tCMyw...,9keBP...,true,172.68.75.139,"Mozilla/5.0 (Linux; Android 6.0.1; SAMSUNG SM-G570F) AppleWebKit/537.36 (KHTML, like Gecko) SamsungBrowser/17.0 Chrome/96.0.4664.104 Mobile Safari/537.36",2022-09-16 05:03:56 UTC,2022-09-16 05:03:46 UTC,2022-09-15 21:13:46 UTC,2022-09-15 21:13:46 UTC
602951,G1PHh...,obXOW...,true,172.71.12.159,Mozilla/5.0 (Android 6.0.1; Mobile; rv:104.0) Gecko/104.0 Firefox/104.0,2022-09-20 08:26:21 UTC,2022-09-20 08:26:13 UTC,2022-09-16 22:59:12 UTC,2022-09-16 22:59:12 UTC
606913,sKwJE...,+wrh6...,true,172.71.12.160,Mozilla/5.0 (Android 6.0.1; Mobile; rv:104.0) Gecko/104.0 Firefox/104.0,2022-09-23 14:28:16 UTC,2022-09-23 14:27:59 UTC,2022-09-21 04:15:46 UTC,2022-09-21 04:15:46 UTC
609281,jbWYX...,GjkM7...,true,172.68.75.138,"Mozilla/5.0 (Linux; Android 6.0.1; SM-G570F Build/MMB29K; wv) AppleWebKit/537.36 (KHTML, like Gecko) Version/4.0 Chrome/105.0.5195.136 Mobile Safari/537.36",2022-09-23 14:28:37 UTC,2022-09-23 14:27:42 UTC,2022-09-23 14:17:13 UTC,2022-09-23 14:17:13 UTC
610231,162Gd...,sp0s8...,true,172.68.75.138,"Mozilla/5.0 (Linux; Android 6.0.1; SM-G570F Build/MMB29K; wv) AppleWebKit/537.36 (KHTML, like Gecko) Version/4.0 Chrome/105.0.5195.136 Mobile Safari/537.36",2022-09-26 00:20:25 UTC,2022-09-26 00:20:24 UTC,2022-09-24 15:59:51 UTC,2022-09-24 15:59:51 UTC
